model,threshold,sensitivity,specificity,precision,youden_j,predicted_positive_rate
Logistic Regression,0.01,0.9990569596378726,0.05251908396946565,0.1458144080160762,0.05157604360733825,0.9546672973825292
Logistic Regression,0.02,0.9941531497548095,0.17083969465648854,0.16255474002343798,0.16499284441129802,0.8521496898980343
Logistic Regression,0.03,0.9835910976989816,0.27435114503816793,0.17995169082125603,0.2579422427371494,0.7615894039735099
Logistic Regression,0.04,0.9703885326291966,0.352,0.1951302764819661,0.3223885326291964,0.6929202144433932
Logistic Regression,0.05,0.9590720482836665,0.41850381679389315,0.21074226035061544,0.3775758650775596,0.6341059602649006
Logistic Regression,0.060000000000000005,0.9402112410411165,0.4725190839694656,0.22394429469901167,0.41273032501058227,0.5849889624724062
Logistic Regression,0.06999999999999999,0.9221048660882686,0.5198167938931297,0.23715740965316517,0.4419216599813982,0.5417586460632818
Logistic Regression,0.08,0.9036212749905695,0.5582900763358779,0.24879264682972427,0.46191135132644745,0.5060706401766004
Logistic Regression,0.09,0.8838174273858921,0.5923358778625955,0.2597993014359372,0.4761533052484874,0.47400925049931675
Logistic Regression,0.09999999999999999,0.8598642021878536,0.6243053435114504,0.27035521556069503,0.48416954569930404,0.4431567328918322
Logistic Regression,0.11,0.8387400980761976,0.65193893129771,0.2806386469771551,0.4906790293739076,0.4164301482182277
Logistic Regression,0.12,0.8172387778196907,0.6781679389312977,0.2913332885093794,0.49540671675098835,0.39085987595921373
Logistic Regression,0.13,0.7957374575631837,0.7006106870229007,0.30084141471762693,0.49634814458608445,0.36854830232313673
Logistic Regression,0.14,0.7682006789890607,0.7214045801526717,0.3086307494127453,0.4896052591417326,0.3468148848943551
Logistic Regression,0.15000000000000002,0.7466993587325538,0.7406412213740458,0.3179153617602184,0.48734058010659953,0.3272626931567329
Logistic Regression,0.16,0.7270841192003018,0.7588091603053435,0.3279734558448188,0.4858932795056452,0.3088930936613056
Logistic Regression,0.17,0.7031308940022633,0.7748091603053435,0.3357651085292263,0.47794005430760667,0.29178492589088617
Logistic Regression,0.18000000000000002,0.6793662768766503,0.7897099236641222,0.34340737915911906,0.4690762005407725,0.275649111741827
Logistic Regression,0.19,0.6561674839683138,0.8037251908396946,0.35116584233370346,0.45989267480800855,0.2603542520761064
Logistic Regression,0.2,0.6312712184081478,0.8166717557251908,0.35792963319431076,0.4479429741333387,0.2457426679280984
Logistic Regression,0.21000000000000002,0.6107129385137684,0.8285496183206107,0.3657517225799164,0.4392625568343791,0.2326553137811416
Logistic Regression,0.22,0.5888344021124104,0.8398167938931298,0.3730879541108987,0.42865119600554014,0.2199095973930411
Logistic Regression,0.23,0.5673330818559035,0.8500152671755725,0.3797979797979798,0.417348349031476,0.20813623462630085
Logistic Regression,0.24000000000000002,0.5462089777442475,0.8605496183206107,0.38804770199651617,0.4067585960648583,0.1961263534111216
Logistic Regression,0.25,0.52640513013957,0.8703206106870229,0.39656152315998866,0.39672574082659295,0.18495742667928097
Logistic Regression,0.26,0.502263296869106,0.8794198473282443,0.4027525710828796,0.3816831441973503,0.17376222011983603
Logistic Regression,0.27,0.4828366654092795,0.8875725190839695,0.4101249599487344,0.3704091844932491,0.16403868390623358
Logistic Regression,0.28,0.45963787250094307,0.8950534351145039,0.4148791283622744,0.354691307615447,0.1543677073478398
Logistic Regression,0.29000000000000004,0.43907959260656354,0.9018320610687023,0.41998917553671294,0.3409116536752659,0.14566908441080625
Logistic Regression,0.3,0.4200301772915881,0.9082748091603053,0.4257312177403938,0.32830498645189343,0.137469778198255
Logistic Regression,0.31,0.3981516408902301,0.9145954198473283,0.43011409942950285,0.3127470607375584,0.12898139388205612
Logistic Regression,0.32,0.3817427385892116,0.9201221374045802,0.4362068965517241,0.30186487599379186,0.12193840008409546
Logistic Regression,0.33,0.36250471520181066,0.9252213740458015,0.4397163120567376,0.2877260892476121,0.11486912645853044
Logistic Regression,0.34,0.34930215013202565,0.9301068702290076,0.44723496739917895,0.2794090203610333,0.10882476610953432
Logistic Regression,0.35000000000000003,0.33364768012070917,0.9354503816793893,0.4555755858872006,0.26909806180009843,0.10204457058761694
Logistic Regression,0.36000000000000004,0.3157299132402867,0.9397251908396946,0.4588815789473684,0.2554551040799813,0.09586881110059918
Logistic Regression,0.37,0.3000754432289702,0.9435419847328245,0.4625,0.24361742796179464,0.09040260695889835
Logistic Regression,0.38,0.2831007167106752,0.9478778625954198,0.4678927680798005,0.230978579306095,0.08430568695469358
Logistic Regression,0.39,0.2676348547717842,0.9515419847328245,0.4720558882235529,0.21917683950460876,0.07899716177861874
Logistic Regression,0.4,0.2572614107883817,0.9545343511450382,0.478093235191027,0.21179576193341987,0.07497634815515611
Logistic Regression,0.41000000000000003,0.24292719728404374,0.957648854961832,0.48149532710280374,0.2005760522458757,0.0702985388415852
Logistic Regression,0.42000000000000004,0.22934741606940778,0.960763358778626,0.48620551779288285,0.19011077484803374,0.06572584883843162
Logistic Regression,0.43,0.2153904187099208,0.9635114503816794,0.488660676080445,0.17890186909160022,0.06141595711132135
Logistic Regression,0.44,0.20256506978498678,0.9661984732824428,0.4924346629986245,0.16876354306742947,0.057316304005045726
Logistic Regression,0.45,0.18955111278762732,0.9686717557251908,0.4948301329394387,0.1582228685128182,0.05337432986439609
Logistic Regression,0.46,0.17729158807996984,0.9709618320610687,0.49709148598625064,0.1482534201410386,0.049695153999789764
Logistic Regression,0.47000000000000003,0.16880422482082233,0.9729465648854961,0.5025266704098821,0.14175078970631838,0.04680437296331336
Logistic Regression,0.48000000000000004,0.15975103734439833,0.9746870229007634,0.5053699284009546,0.13443806024516158,0.04404499106485862
Logistic Regression,0.49,0.14843455299886835,0.9767022900763359,0.5077419354838709,0.12513684307520423,0.04073373278671292
Logistic Regression,0.5,0.13994718973972087,0.9785343511450382,0.5134948096885813,0.11848154088475904,0.03797435088825817
Logistic Regression,0.51,0.13127121840814787,0.98006106870229,0.5159377316530763,0.11133228711043786,0.035451487438242404
Logistic Regression,0.52,0.12184081478687288,0.9816488549618321,0.5180433039294307,0.10348966974870488,0.03277094502260065
Logistic Regression,0.53,0.11448509996227839,0.983206106870229,0.5246326707000865,0.09769120683250732,0.03040576053821087
Logistic Regression,0.54,0.10807242549981139,0.984763358778626,0.5345149253731343,0.0928357842784373,0.02817197519184274
Logistic Regression,0.55,0.1005281026027914,0.9860458015267175,0.5383838383838384,0.08657390412950883,0.026017029328287606
Logistic Regression,0.56,0.09354960392304791,0.9873282442748091,0.544456641053787,0.08087784819785715,0.023940922947545466
Logistic Regression,0.5700000000000001,0.08657110524330441,0.9886106870229008,0.5516826923076923,0.07518179226620525,0.021864816566803322
Logistic Regression,0.5800000000000001,0.08166729536024142,0.989587786259542,0.5594315245478036,0.07125508161978344,0.02034058656575213
Logistic Regression,0.59,0.07487740475292343,0.9904732824427481,0.5599435825105783,0.0653506871956715,0.01863239777147062
Logistic Regression,0.6,0.06903055450773293,0.9915725190839695,0.5700934579439252,0.06060307359170247,0.016871649321980448
Logistic Regression,0.61,0.06431535269709543,0.9921221374045801,0.5692821368948247,0.056437490101675536,0.015741616734994218
Logistic Regression,0.62,0.057714070162202945,0.9929160305343512,0.5687732342007435,0.05063010069655416,0.014138547251130033
Logistic Regression,0.63,0.052433044134288946,0.9936488549618321,0.5720164609053497,0.046081899096120926,0.012771996215704825
Logistic Regression,0.64,0.04771784232365145,0.9942900763358778,0.575,0.04200791865952924,0.011563124145905603
Logistic Regression,0.65,0.044134288947566956,0.9948396946564886,0.5806451612903226,0.03897398360405546,0.01059077052454536
Logistic Regression,0.66,0.04111655978875896,0.9952977099236642,0.5860215053763441,0.03641426971242323,0.009776095868811101
Logistic Regression,0.67,0.03677857412297246,0.9958778625954199,0.5909090909090909,0.032656436718392357,0.008672343109429203
Logistic Regression,0.68,0.03413806110901547,0.9962442748091603,0.5953947368421053,0.03038233591817585,0.007989067591716598
Logistic Regression,0.6900000000000001,0.03055450773293097,0.9965190839694656,0.5869565217391305,0.027073591702396538,0.007253232418795333
Logistic Regression,0.7000000000000001,0.02810260279139947,0.9969770992366412,0.6008064516129032,0.025079702028040662,0.006517397245874067
Logistic Regression,0.7100000000000001,0.025084873632591476,0.9972213740458016,0.59375,0.022306247678393065,0.005886681383370125
Logistic Regression,0.72,0.022632968691059976,0.9974351145038168,0.5882352941176471,0.02006808319487674,0.005361084831283507
Logistic Regression,0.73,0.01999245567710298,0.9977404580152672,0.5888888888888889,0.01773291369237029,0.004730368968779565
Logistic Regression,0.74,0.01735194266314598,0.9979847328244275,0.5822784810126582,0.015336675487573448,0.004152212761484285
Logistic Regression,0.75,0.014522821576763486,0.9981984732824427,0.5661764705882353,0.012721294859206145,0.0035740565541890045
Logistic Regression,0.76,0.012825348924933987,0.998381679389313,0.5619834710743802,0.011207028314246914,0.003179859140124041
Logistic Regression,0.77,0.011505092417955488,0.9985038167938931,0.5545454545454546,0.010008909211848493,0.0028907810364764007
Logistic Regression,0.78,0.01018483591097699,0.9985954198473282,0.54,0.008780255758305211,0.0026279827604330916
Logistic Regression,0.79,0.008298755186721992,0.9988091603053435,0.5301204819277109,0.007107915492065464,0.002181225691159466
Logistic Regression,0.8,0.007355714824594493,0.9989312977099236,0.527027027027027,0.006287012534518022,0.0019447072427204878
Logistic Regression,0.81,0.006035458317615994,0.9989923664122138,0.49230769230769234,0.005027824729829877,0.0017081887942815095
Logistic Regression,0.8200000000000001,0.004715201810637495,0.9990534351145038,0.44642857142857145,0.003768636925141289,0.0014716703458425313
Logistic Regression,0.8300000000000001,0.004337985665786495,0.9991145038167939,0.4423076923076923,0.0034524894825804786,0.0013665510354252076
Logistic Regression,0.8400000000000001,0.0033949453036589967,0.999206106870229,0.4090909090909091,0.002601052173887952,0.0011563124145905603
Logistic Regression,0.85,0.003017729158807997,0.999236641221374,0.3902439024390244,0.002254370380182058,0.0010774729317775675
Logistic Regression,0.86,0.0024519049415314977,0.9993282442748092,0.37142857142857144,0.0017801492163407318,0.000919793966151582
Logistic Regression,0.87,0.002074688796680498,0.9995419847328244,0.4230769230769231,0.0016166735295048973,0.0006832755177126038
Logistic Regression,0.88,0.002074688796680498,0.9996030534351145,0.4583333333333333,0.0016777422317950652,0.000630715862503942
Logistic Regression,0.89,0.002074688796680498,0.9996946564885496,0.5238095238095238,0.001769345285230095,0.0005518763796909492
Logistic Regression,0.9,0.0016974726518294984,0.9997251908396947,0.5,0.001422663491524201,0.0004730368968779565
Logistic Regression,0.91,0.0016974726518294984,0.9997557251908397,0.5294117647058824,0.0014531978426690628,0.00044675706927362556
Logistic Regression,0.92,0.0013202565069784986,0.9998167938931297,0.5384615384615384,0.0011370504001082526,0.0003416377588563019
Logistic Regression,0.93,0.001131648434552999,0.9998167938931297,0.5,0.0009484423276826526,0.000315357931251971
Logistic Regression,0.9400000000000001,0.000943040362127499,0.9998473282442748,0.5,0.0007903686064023585,0.00026279827604330916
Logistic Regression,0.9500000000000001,0.0007544322897019992,0.9999083969465649,0.5714285714285714,0.0006628292362669264,0.0001839587932303164
Logistic Regression,0.9600000000000001,0.0005658242172764995,0.9999694656488549,0.75,0.0005352898661314942,0.00010511931041732366
Logistic Regression,0.97,0.0001886080724254998,1.0,1.0,0.00018860807242560007,2.6279827604330916e-05
Logistic Regression,0.98,0.0,1.0,,0.0,0.0
Logistic Regression,0.99,0.0,1.0,,0.0,0.0
Random Forest,0.01,0.9952847981893626,0.1509618320610687,0.1595079043617568,0.14624663025043128,0.8694155366340797
Random Forest,0.02,0.985288570350811,0.26717557251908397,0.1787571858746236,0.2524641428698948,0.7680016819089667
Random Forest,0.03,0.9730290456431535,0.3450992366412214,0.19389634306761377,0.31812828228437495,0.6992273730684326
Random Forest,0.04,0.961523953225198,0.4062595419847328,0.2077170680030966,0.3677834952099308,0.6449858088930936
Random Forest,0.05,0.946058091286307,0.453618320610687,0.21894369271060674,0.399676411896994,0.6020708504152212
Random Forest,0.060000000000000005,0.9315352697095436,0.4956030534351145,0.23017056575636127,0.42713832314465816,0.5639125407337328
Random Forest,0.06999999999999999,0.9164466239155036,0.5317251908396946,0.24060410992820006,0.4481718147551983,0.5307211184694628
Random Forest,0.08,0.9024896265560166,0.5633282442748092,0.2507073247406476,0.4658178708308258,0.5015767896562598
Random Forest,0.09,0.8870237646171256,0.5913893129770993,0.26004976499861765,0.478413077594225,0.4752706822243246
Random Forest,0.09999999999999999,0.8674085250848736,0.6182290076335878,0.26891591626710326,0.48563753271846144,0.4494376116892673
Random Forest,0.11,0.8481705016974727,0.6425343511450382,0.2775240681313256,0.49070485284251086,0.4258383265005782
Random Forest,0.12,0.8244058845718597,0.6657099236641222,0.2853319407272015,0.490115808235982,0.4025806790707453
Random Forest,0.13,0.8062995096190116,0.6893435114503816,0.2958682261748218,0.4956430210693932,0.3797172290549774
Random Forest,0.14,0.7857412297246322,0.7099236641221374,0.30484413873847505,0.4956648938467696,0.35914012404078627
Random Forest,0.15000000000000002,0.7665032063372312,0.7283969465648855,0.31360444478740646,0.49490015290211664,0.3405602859245243
Random Forest,0.16,0.7483968313843833,0.7457404580152672,0.32273281821878813,0.4941372893996505,0.3231104803952486
Random Forest,0.17,0.7289701999245568,0.7610992366412214,0.3306527504491402,0.4900694365657783,0.3071849048670241
Random Forest,0.18000000000000002,0.7121840814786873,0.7759083969465649,0.33972109761583447,0.4880924784252523,0.29210028382213815
Random Forest,0.19,0.6925688419464353,0.7886106870229007,0.3465785747994337,0.4811795289693359,0.27843477346788603
Random Forest,0.2,0.6708789136175028,0.8009160305343511,0.3529820383050511,0.4717949441518541,0.26482182276884264
Random Forest,0.21000000000000002,0.6482459449264428,0.8141068702290076,0.36083989501312336,0.46235281515545035,0.250315357931252
Random Forest,0.22,0.6307053941908713,0.8247633587786259,0.36816029946053064,0.4554687529694972,0.2386996741301377
Random Forest,0.23,0.6142964918898529,0.8344732824427481,0.3753168932933856,0.4487697743326011,0.22805634395038368
Random Forest,0.24000000000000002,0.5946812523576009,0.8445496183206107,0.3824599708879185,0.43923087067821154,0.21665089877010407
Random Forest,0.25,0.5782723500565824,0.854442748091603,0.3914209115281501,0.43271509814818554,0.20584988962472406
Random Forest,0.26,0.5575254620897775,0.8640305343511451,0.39897422054258336,0.42155599644092256,0.19470724272048776
Random Forest,0.27,0.534703885326292,0.8723969465648855,0.4041916167664671,0.4071008318911775,0.18432671081677704
Random Forest,0.28,0.51508864579404,0.8798473282442748,0.4096909690969097,0.3949359740383147,0.17518133081046988
Random Forest,0.29000000000000004,0.495850622406639,0.8885801526717557,0.4187639375597324,0.38443077507839485,0.1649847576999895
Random Forest,0.3,0.47548095058468504,0.8956641221374045,0.4245537217918491,0.3711450727220895,0.15604961631451697
Random Forest,0.31,0.45511127876273105,0.9030839694656488,0.43189547163057096,0.3581952482283799,0.14682539682539683
Random Forest,0.32,0.43530743115805354,0.910473282442748,0.4404580152671756,0.34578071360080154,0.137706296646694
Random Forest,0.33,0.4155035835533761,0.9172519083969466,0.44840219824954203,0.3327554919503226,0.12911279302007778
Random Forest,0.34,0.3960769520935496,0.9233282442748092,0.4554326610279766,0.31940519636835885,0.12117628508356985
Random Forest,0.35000000000000003,0.3774047529234251,0.9291908396946564,0.46319444444444446,0.30659559261808145,0.11352885525070956
Random Forest,0.36000000000000004,0.35873255375330065,0.934412213740458,0.4696296296296296,0.2931447674937586,0.10643330179754021
Random Forest,0.37,0.3419464353074312,0.9396641221374046,0.478490366851412,0.28161055744483576,0.09957426679280984
Random Forest,0.38,0.3234628442097322,0.9437557251908397,0.4821478774247962,0.267218569400572,0.09347734678860507
Random Forest,0.39,0.30686533383628817,0.9481221374045802,0.48917618761274806,0.2549874712408684,0.08740670661200463
Random Forest,0.4,0.2906450396076952,0.951969465648855,0.4948619139370585,0.24261450525655026,0.08183538315988648
Random Forest,0.41000000000000003,0.2727272727272727,0.9551755725190839,0.4962251201098147,0.22790284524635673,0.07657941763902029
Random Forest,0.42000000000000004,0.25952470765748775,0.9585954198473282,0.5036603221083455,0.2181201275048159,0.07179648901503206
Random Forest,0.43,0.24764239909468125,0.9620152671755725,0.5134923738756355,0.20965766627025384,0.06719751918427415
Random Forest,0.44,0.23085628064881178,0.9653435114503817,0.5188639253921153,0.19619979209919336,0.06199411331861663
Random Forest,0.45,0.21746510750660128,0.9683664122137404,0.5267245317496574,0.18583151972034173,0.057526542625880375
Random Forest,0.46,0.20256506978498678,0.9715725190839695,0.5356608478802992,0.17413758886895625,0.05269105434668349
Random Forest,0.47000000000000003,0.1901169370049038,0.9741984732824428,0.5439827307069617,0.16431541028734653,0.048696520550825184
Random Forest,0.48000000000000004,0.17427385892116182,0.9765190839694656,0.5457767277023036,0.1507929428906274,0.04449174813413224
Random Forest,0.49,0.16069407770652583,0.9789007633587786,0.5521710952689566,0.1395948410653045,0.040549773993482606
Random Forest,0.5,0.14805733685401734,0.9813435114503817,0.5623209169054442,0.12940084830439913,0.036686639335645956
Random Forest,0.51,0.13674085250848736,0.9835725190839695,0.5740300870942201,0.12031337159245692,0.033191422264269944
Random Forest,0.52,0.12844209732176537,0.985679389312977,0.5921739130434782,0.11412148663474242,0.030221801744980552
Random Forest,0.53,0.11750282912108638,0.9876030534351145,0.6054421768707483,0.10510588255620079,0.02704194260485651
Random Forest,0.54,0.10580912863070539,0.9894656488549618,0.6192052980132451,0.09527477748566726,0.023809523809523808
Random Forest,0.55,0.0956242927197284,0.9903206106870229,0.6152912621359223,0.08594490340675143,0.021654577945968676
Random Forest,0.56,0.08449641644662391,0.9914503816793893,0.6153846153846154,0.07594679812601313,0.01913171449595291
Random Forest,0.5700000000000001,0.07808374198415692,0.9927022900763359,0.6339969372128637,0.07078603206049294,0.01716072742562809
Random Forest,0.5800000000000001,0.07204828366654092,0.9937404580152672,0.6507666098807495,0.06578874168180815,0.015426258803742248
Random Forest,0.59,0.06544700113164843,0.9946564885496183,0.6647509578544061,0.060103489681266664,0.013718070009460738
Random Forest,0.6,0.05827989437947944,0.9952977099236642,0.6673866090712743,0.05357760430314351,0.012167560180805214
Random Forest,0.61,0.05130139569973595,0.9961526717557252,0.6834170854271356,0.0474540674554611,0.010459371386523704
Random Forest,0.62,0.044134288947566956,0.996824427480916,0.6923076923076923,0.04095871642848303,0.00888258173026385
Random Forest,0.63,0.03809883062995096,0.9973740458015267,0.7013888888888888,0.03547287643147756,0.007568590350047304
Random Forest,0.64,0.03017729158807997,0.9978320610687023,0.6926406926406926,0.02800935265678217,0.006070640176600441
Random Forest,0.65,0.024330441342889475,0.998381679389313,0.7087912087912088,0.022712120732202523,0.004782928623988227
Random Forest,0.66,0.017540550735571484,0.9989007633587786,0.7209302325581395,0.016441314094350234,0.0033900977609586883
Random Forest,0.67,0.013391173142210487,0.9993282442748092,0.7634408602150538,0.01271941741701954,0.0024440239672027754
Random Forest,0.68,0.00999622783855149,0.9995419847328244,0.7794117647058824,0.009538212571375881,0.0017870282770945023
Random Forest,0.6900000000000001,0.008298755186721992,0.9996335877862595,0.7857142857142857,0.00793234297298162,0.0014716703458425313
Random Forest,0.7000000000000001,0.0067898906073179935,0.9997251908396947,0.8,0.006515081447012738,0.0011825922421948912
Random Forest,0.7100000000000001,0.004526593738211996,0.9998778625954199,0.8571428571428571,0.004404456333631845,0.0007358351729212656
Random Forest,0.72,0.003206337231233497,0.9999083969465649,0.85,0.003114734177798395,0.0005255965520866183
Random Forest,0.73,0.001886080724254998,0.9999694656488549,0.9090909090909091,0.0018555463731098065,0.00028907810364764007
Random Forest,0.74,0.0003772161448509996,0.9999694656488549,0.6666666666666666,0.00034668179370589414,7.883948281299275e-05
Random Forest,0.75,0.0001886080724254998,0.9999694656488549,0.5,0.0001580737212805161,5.255965520866183e-05
Random Forest,0.76,0.0,1.0,,0.0,0.0
Random Forest,0.77,0.0,1.0,,0.0,0.0
Random Forest,0.78,0.0,1.0,,0.0,0.0
Random Forest,0.79,0.0,1.0,,0.0,0.0
Random Forest,0.8,0.0,1.0,,0.0,0.0
Random Forest,0.81,0.0,1.0,,0.0,0.0
Random Forest,0.8200000000000001,0.0,1.0,,0.0,0.0
Random Forest,0.8300000000000001,0.0,1.0,,0.0,0.0
Random Forest,0.8400000000000001,0.0,1.0,,0.0,0.0
Random Forest,0.85,0.0,1.0,,0.0,0.0
Random Forest,0.86,0.0,1.0,,0.0,0.0
Random Forest,0.87,0.0,1.0,,0.0,0.0
Random Forest,0.88,0.0,1.0,,0.0,0.0
Random Forest,0.89,0.0,1.0,,0.0,0.0
Random Forest,0.9,0.0,1.0,,0.0,0.0
Random Forest,0.91,0.0,1.0,,0.0,0.0
Random Forest,0.92,0.0,1.0,,0.0,0.0
Random Forest,0.93,0.0,1.0,,0.0,0.0
Random Forest,0.9400000000000001,0.0,1.0,,0.0,0.0
Random Forest,0.9500000000000001,0.0,1.0,,0.0,0.0
Random Forest,0.9600000000000001,0.0,1.0,,0.0,0.0
Random Forest,0.97,0.0,1.0,,0.0,0.0
Random Forest,0.98,0.0,1.0,,0.0,0.0
Random Forest,0.99,0.0,1.0,,0.0,0.0
XGBoost,0.01,0.9956620143342135,0.17346564885496182,0.1631940150859404,0.16912766318917538,0.8500998633448965
XGBoost,0.02,0.9828366654092795,0.28940458015267173,0.18295123406944494,0.2722412455619512,0.7485283296541575
XGBoost,0.03,0.9711429649188985,0.36170992366412213,0.19763558899167083,0.33285288858302065,0.6846683485756333
XGBoost,0.04,0.9571859675594115,0.4182290076335878,0.21033653846153846,0.3754149751929994,0.6340796804372963
XGBoost,0.05,0.944172010562052,0.46476335877862596,0.22214333259374305,0.4089353693406781,0.5922159150635972
XGBoost,0.060000000000000005,0.930215013202565,0.5055267175572519,0.2334564044305595,0.4357417307598168,0.5551876379690949
XGBoost,0.06999999999999999,0.9164466239155036,0.5398167938931298,0.24380331159056698,0.45626341780863333,0.5237569641543152
XGBoost,0.08,0.8987174651075066,0.5713282442748091,0.2534035311635822,0.4700457093823158,0.49416587827183855
XGBoost,0.09,0.8849490758204451,0.5992366412213741,0.26334399730594377,0.48418571704181934,0.4682276884263639
XGBoost,0.09999999999999999,0.8685401735194266,0.6218015267175573,0.2710258372079336,0.49034170023698387,0.4465205508251866
XGBoost,0.11,0.8515654470011317,0.644030534351145,0.279168985345947,0.49559598135227656,0.4250236518448439
XGBoost,0.12,0.8317615993964542,0.6650687022900763,0.2867546654528903,0.49683030168653053,0.40415746872700514
XGBoost,0.13,0.8168615616748397,0.6849770992366412,0.2956717640633534,0.5018386609114809,0.3849469147482393
XGBoost,0.14,0.8002640513013957,0.7037862595419847,0.3042885829030407,0.5040503108433803,0.36644591611479027
XGBoost,0.15000000000000002,0.7840437570728027,0.7218015267175573,0.3133102200783841,0.50584528379036,0.34868075265426257
XGBoost,0.16,0.7648057336854017,0.739175572519084,0.32190204016829405,0.5039813062044858,0.33104698833175655
XGBoost,0.17,0.7470765748774048,0.7553893129770992,0.3308553291012362,0.5024658878545041,0.31462209607904973
XGBoost,0.18000000000000002,0.7274613353451528,0.7697099236641222,0.33836301429949994,0.49717125900927495,0.2995637548617681
XGBoost,0.19,0.7067144473783478,0.7833282442748092,0.34556856958406346,0.49004269165315684,0.2849521707137601
XGBoost,0.2,0.6857789513391173,0.796793893129771,0.3533184335827422,0.4825728444688884,0.27044570587616945
XGBoost,0.21000000000000002,0.6686156167483969,0.8092213740458015,0.3619932604921883,0.4778369907941984,0.2573583517292127
XGBoost,0.22,0.6506978498679743,0.8214045801526717,0.37100763522959457,0.472102430020646,0.2443761168926732
XGBoost,0.23,0.6339117314221049,0.8316335877862595,0.3787042253521127,0.4655453192083643,0.2332334699884369
XGBoost,0.24000000000000002,0.6105243304413429,0.8421679389312977,0.3850820842255532,0.4526922693726405,0.22090823084200567
XGBoost,0.25,0.5854394568087514,0.8526412213740459,0.3914249684741488,0.4380806781827973,0.20839903290234416
XGBoost,0.26,0.5665786495662014,0.8619541984732825,0.39920265780730896,0.4285328480394839,0.19775570272259013
XGBoost,0.27,0.5494153149754809,0.8711145038167939,0.40832632464255675,0.4205298187922748,0.18748029012929676
XGBoost,0.28,0.5281026027913994,0.8796641221374045,0.4153686396677051,0.40776672492880395,0.1771523178807947
XGBoost,0.29000000000000004,0.5081101471142965,0.8881221374045801,0.423718150361749,0.3962322845188766,0.16708714390833596
XGBoost,0.3,0.4854771784232365,0.8960610687022901,0.4305787888926062,0.38153824712552664,0.1571008094186902
XGBoost,0.31,0.4673708034703885,0.9034503816793893,0.43936170212765957,0.3708211851497778,0.14821822768842635
XGBoost,0.32,0.44662391550358355,0.9100458015267175,0.445615355664283,0.35666971703030104,0.13965100388941448
XGBoost,0.33,0.42625424368162956,0.9171297709923664,0.45436268596702856,0.34338401467399593,0.130715862503942
XGBoost,0.34,0.4081478687287816,0.9226564885496183,0.4607196082605919,0.33080435727839985,0.12343635025754231
XGBoost,0.35000000000000003,0.3889098453413806,0.928,0.4665158371040724,0.3169098453413808,0.11615683801114264
XGBoost,0.36000000000000004,0.36948321388155414,0.9334961832061068,0.47353154459753444,0.3029793970876611,0.108719646799117
XGBoost,0.37,0.35231987929083364,0.9389618320610688,0.4830618050168089,0.2912817113519024,0.10162409334594764
XGBoost,0.38,0.3332704639758582,0.9434198473282442,0.488121546961326,0.2766903113041024,0.09513297592767792
XGBoost,0.39,0.3181818181818182,0.9479389312977099,0.49734669811320753,0.26612074947952813,0.08914117523389047
XGBoost,0.4,0.2981893625047152,0.9518473282442748,0.500633312222926,0.25003669074898993,0.08299169557447703
XGBoost,0.41000000000000003,0.27989437947944174,0.9556030534351145,0.5051055139550715,0.23549743291455627,0.07721013350152423
XGBoost,0.42000000000000004,0.26537155790267825,0.9596335877862595,0.5155734701355807,0.2250051456889377,0.07171764953221907
XGBoost,0.43,0.24651075066012826,0.9632977099236641,0.5209246711837385,0.20980846058379243,0.06593608745926627
XGBoost,0.44,0.22897019992455678,0.9669618320610687,0.5287456445993032,0.19593203198562548,0.06033848417954378
XGBoost,0.45,0.21407016220294228,0.9702595419847329,0.5381697486960645,0.18432970418767525,0.0554241564175339
XGBoost,0.46,0.1984156921916258,0.9732519083969465,0.5456431535269709,0.17166760058857244,0.05066750762115001
XGBoost,0.47000000000000003,0.18464730290456433,0.9758473282442748,0.5531073446327683,0.1604946311488391,0.04651529485966572
XGBoost,0.48000000000000004,0.17125612976235383,0.978442748091603,0.5625774473358116,0.14969887785395697,0.0424156417533901
XGBoost,0.49,0.15861938890984534,0.9810076335877863,0.5748462064251538,0.1396270224976317,0.03844738778513613
XGBoost,0.5,0.14862316107129386,0.9829618320610687,0.5854383358098069,0.1315849931323625,0.03537264795542941
XGBoost,0.51,0.13749528479818937,0.984824427480916,0.5946166394779772,0.12231971227910532,0.0322190686429097
XGBoost,0.52,0.12712184081478686,0.9862900763358778,0.6001780943900267,0.11341191715066468,0.029512246399663617
XGBoost,0.53,0.11618257261410789,0.988,0.6105054509415263,0.1041825726141079,0.026516346052769892
XGBoost,0.54,0.1069407770652584,0.9893129770992366,0.6183206106870229,0.096253754164495,0.02409860191317145
XGBoost,0.55,0.0999622783855149,0.9906870229007634,0.6347305389221557,0.09064930128627835,0.021943656049616313
XGBoost,0.56,0.09166352319879291,0.9918167938931298,0.6445623342175066,0.08348031709192272,0.01981499001366551
XGBoost,0.5700000000000001,0.08336476801207092,0.9926412213740458,0.6471449487554904,0.07600598938611669,0.017949122253758016
XGBoost,0.5800000000000001,0.07751791776688043,0.9935572519083969,0.6607717041800643,0.07107516967527738,0.01634605276989383
XGBoost,0.59,0.07204828366654092,0.994412213740458,0.6761061946902654,0.06646049740699889,0.014848102596446967
XGBoost,0.6,0.06506978498679744,0.9952671755725191,0.69,0.06033696055931648,0.013139913802165459
XGBoost,0.61,0.05695963787250094,0.9959389312977099,0.6942528735632184,0.05289856917021085,0.011431725007883949
XGBoost,0.62,0.04903809883062995,0.9966412213740458,0.7027027027027027,0.04567932020467569,0.00972353621360244
XGBoost,0.63,0.04337985665786496,0.9972824427480916,0.7210031347962382,0.04066229940595667,0.008383265005781562
XGBoost,0.64,0.03677857412297246,0.9978320610687023,0.7330827067669173,0.03461063519167462,0.006990434142752024
XGBoost,0.65,0.03074311580535647,0.9981679389312977,0.7309417040358744,0.02891105473665423,0.005860401555765794
XGBoost,0.66,0.025084873632591476,0.9987175572519084,0.76,0.023802430884499737,0.00459896983075791
XGBoost,0.67,0.02131271218408148,0.9989923664122138,0.773972602739726,0.020305078596295267,0.0038368548302323137
XGBoost,0.68,0.018294983025273482,0.9992671755725191,0.8016528925619835,0.017562158597792532,0.003179859140124041
XGBoost,0.6900000000000001,0.014522821576763486,0.9994198473282443,0.8020833333333334,0.013942668905007727,0.002522863450015768
XGBoost,0.7000000000000001,0.011505092417955488,0.9996641221374046,0.8472222222222222,0.01116921455536013,0.001892147587511826
XGBoost,0.7100000000000001,0.008487363259147491,0.9997251908396947,0.8333333333333334,0.00821255409884225,0.0014191106906338694
XGBoost,0.72,0.006224066390041493,0.9998167938931297,0.8461538461538461,0.00604086028317119,0.0010249132765689057
XGBoost,0.73,0.004337985665786495,0.9999389312977099,0.92,0.004276916963496413,0.0006569956901082729
XGBoost,0.74,0.002829121086382497,0.9999389312977099,0.8823529411764706,0.002768052384092501,0.00044675706927362556
XGBoost,0.75,0.002263296869105998,0.9999694656488549,0.9230769230769231,0.0022327625179610067,0.0003416377588563019
XGBoost,0.76,0.0013202565069784986,0.9999694656488549,0.875,0.0012897221558334504,0.00021023862083464732
XGBoost,0.77,0.0007544322897019992,1.0,1.0,0.0007544322897019562,0.00010511931041732366
XGBoost,0.78,0.0,1.0,,0.0,0.0
XGBoost,0.79,0.0,1.0,,0.0,0.0
XGBoost,0.8,0.0,1.0,,0.0,0.0
XGBoost,0.81,0.0,1.0,,0.0,0.0
XGBoost,0.8200000000000001,0.0,1.0,,0.0,0.0
XGBoost,0.8300000000000001,0.0,1.0,,0.0,0.0
XGBoost,0.8400000000000001,0.0,1.0,,0.0,0.0
XGBoost,0.85,0.0,1.0,,0.0,0.0
XGBoost,0.86,0.0,1.0,,0.0,0.0
XGBoost,0.87,0.0,1.0,,0.0,0.0
XGBoost,0.88,0.0,1.0,,0.0,0.0
XGBoost,0.89,0.0,1.0,,0.0,0.0
XGBoost,0.9,0.0,1.0,,0.0,0.0
XGBoost,0.91,0.0,1.0,,0.0,0.0
XGBoost,0.92,0.0,1.0,,0.0,0.0
XGBoost,0.93,0.0,1.0,,0.0,0.0
XGBoost,0.9400000000000001,0.0,1.0,,0.0,0.0
XGBoost,0.9500000000000001,0.0,1.0,,0.0,0.0
XGBoost,0.9600000000000001,0.0,1.0,,0.0,0.0
XGBoost,0.97,0.0,1.0,,0.0,0.0
XGBoost,0.98,0.0,1.0,,0.0,0.0
XGBoost,0.99,0.0,1.0,,0.0,0.0
1D CNN,0.01,1.0,0.0,0.1393356459581625,0.0,1.0
1D CNN,0.02,1.0,3.0534351145038166e-05,0.13933930777114925,3.053435114508396e-05,0.9999737201723957
1D CNN,0.03,0.999622783855149,0.001068702290076336,0.13941865053268446,0.0006914861452254062,0.9990276463786397
1D CNN,0.04,0.9990569596378726,0.010381679389312977,0.14047789535099584,0.009438639027185447,0.9909334594765058
1D CNN,0.05,0.992832893247831,0.048244274809160305,0.1444804303672394,0.04107716805699124,0.9574792389361926
1D CNN,0.060000000000000005,0.9775556393813655,0.12088549618320611,0.1525578383469712,0.09844113556457157,0.8928308630295385
1D CNN,0.06999999999999999,0.9488872123726896,0.21636641221374045,0.1639029157843297,0.16525362458643,0.8066593083149375
1D CNN,0.08,0.9055073557148245,0.3266259541984733,0.17878155954420197,0.23213330991329784,0.7057184904867024
1D CNN,0.09,0.8555262165220672,0.42366412213740456,0.19375507240186238,0.27919033865947185,0.615237044044991
1D CNN,0.09999999999999999,0.8002640513013957,0.5069007633587786,0.20807179285994507,0.3071648146601742,0.535898244507516
1D CNN,0.11,0.7516031686156167,0.5763358778625954,0.2231243001119821,0.32793904647821215,0.46935772101335016
1D CNN,0.12,0.6999245567710298,0.6317862595419848,0.23532022828154725,0.3317108163130147,0.41443288132029854
1D CNN,0.13,0.6469256884194644,0.6811603053435115,0.24726066897347174,0.32808599376297587,0.36455376852727844
1D CNN,0.14,0.6005281026027914,0.7204580152671756,0.25804360158845935,0.3209861178699671,0.32426679280983917
1D CNN,0.15000000000000002,0.554319124858544,0.7517557251908397,0.26551630680278254,0.3060748500493835,0.2908914117523389
1D CNN,0.16,0.516597510373444,0.7796335877862596,0.2751104861390117,0.2962310981597036,0.2616419636287186
1D CNN,0.17,0.477744247453791,0.8049160305343511,0.283904954046178,0.2826602779881422,0.23446862188584042
1D CNN,0.18000000000000002,0.44473783477932854,0.8245190839694656,0.29093152375077114,0.2692569187487941,0.21299800273310207
1D CNN,0.19,0.4155035835533761,0.842381679389313,0.2991174473862865,0.2578852629426891,0.1935509303058972
1D CNN,0.2,0.3904187099207846,0.8580763358778626,0.3081274188746651,0.24849504579864723,0.1765478818458951
1D CNN,0.21000000000000002,0.36439079592606566,0.8721221374045801,0.3156862745098039,0.2365129333306457,0.1608325449385052
1D CNN,0.22,0.34477555639381363,0.8830839694656488,0.3231394732190207,0.22785952585946245,0.14866498475769999
1D CNN,0.23,0.3217653715579027,0.8945954198473283,0.33074835207444747,0.216360791405231,0.13555135078313887
1D CNN,0.24000000000000002,0.3017729158807997,0.9034503816793893,0.33599328013439733,0.2052232975601891,0.12514453905182382
1D CNN,0.25,0.28083741984156924,0.9122442748091603,0.3412789365115746,0.19308169465072944,0.11465888783769579
1D CNN,0.26,0.2640513013956997,0.9193893129770992,0.3465346534653465,0.1834406143727989,0.1061705035214969
1D CNN,0.27,0.24764239909468125,0.9261984732824428,0.3520107238605898,0.1738408723771241,0.09802375696415432
1D CNN,0.28,0.23274236137306678,0.9331908396946564,0.36060783167738164,0.16593320106772325,0.08992957006202039
1D CNN,0.29000000000000004,0.21557902678234628,0.9392366412213741,0.3648260453239706,0.15481566800372026,0.08233469988436876
1D CNN,0.3,0.1989815164089023,0.9448549618320611,0.36875218455085634,0.14383647824096335,0.07518658677599074
1D CNN,0.31,0.18483591097698981,0.9491603053435115,0.3705103969754253,0.1339962163205013,0.06951014401345527
1D CNN,0.32,0.17219917012448133,0.9532213740458015,0.37341513292433537,0.12542054417028292,0.06425417849258909
1D CNN,0.33,0.16163711806865333,0.9579236641221374,0.38344519015659956,0.1195607821907907,0.0587354146956796
1D CNN,0.34,0.15050924179554884,0.9614351145038168,0.38719068413391555,0.11194435629936561,0.05416272469252602
1D CNN,0.35000000000000003,0.14107883817427386,0.9645801526717557,0.3920335429769392,0.10565899084602948,0.050141911069063384
1D CNN,0.36000000000000004,0.12938513768389287,0.9669923664122138,0.388228636106395,0.09637750409610657,0.04643645537685273
1D CNN,0.37,0.12334967936627687,0.9694961832061069,0.3956442831215971,0.09284586257238381,0.043440555029959006
1D CNN,0.38,0.11618257261410789,0.9720305343511451,0.402088772845953,0.08821310696525297,0.04026069588983496
1D CNN,0.39,0.10976989815164089,0.9741068702290077,0.406993006993007,0.0838767683806485,0.03758015347419321
1D CNN,0.4,0.0999622783855149,0.9765801526717557,0.40863531225905936,0.07654243105727065,0.0340849364028172
1D CNN,0.41000000000000003,0.0937382119954734,0.9786259541984733,0.4152046783625731,0.0723641661939467,0.03145695364238411
1D CNN,0.42000000000000004,0.08845718596755942,0.9804274809160305,0.42252252252252254,0.06888466688358985,0.029170608640807318
1D CNN,0.43,0.08393059222934741,0.9822290076335878,0.433300876338851,0.06615959986293518,0.02698938294964785
1D CNN,0.44,0.07770652583930593,0.9837557251908396,0.4364406779661017,0.06146225103014569,0.024808157258488384
1D CNN,0.45,0.07336854017351943,0.9852824427480916,0.44661308840413316,0.05865098292161108,0.022889729843372227
1D CNN,0.46,0.06676725763862694,0.9867175572519084,0.44866920152091255,0.05348481489053536,0.02073478397981709
1D CNN,0.47000000000000003,0.06167483968313844,0.9878473282442748,0.4510344827586207,0.04952216792741315,0.019052875013139913
1D CNN,0.48000000000000004,0.057714070162202945,0.9890687022900764,0.4608433734939759,0.04678277245227935,0.01744980552927573
1D CNN,0.49,0.052433044134288946,0.9901374045801526,0.46256239600665555,0.0425704487144416,0.01579417639020288
1D CNN,0.5,0.04866088268577895,0.991236641221374,0.47339449541284406,0.039897523907153065,0.01432250604436035
1D CNN,0.51,0.04470011316484346,0.9921526717557252,0.4797570850202429,0.03685278492056865,0.012982234836539472
1D CNN,0.52,0.04073934364390796,0.9929770992366412,0.484304932735426,0.0337164428805492,0.011720803111531588
1D CNN,0.53,0.03734439834024896,0.9935267175572519,0.48292682926829267,0.0308711158975008,0.010774729317775676
1D CNN,0.54,0.035269709543568464,0.9939847328244275,0.4869791666666667,0.029254442367995903,0.010091453800063072
1D CNN,0.55,0.033572236891738966,0.9947175572519084,0.5071225071225072,0.028289794143647295,0.009224219489120151
1D CNN,0.56,0.02961146737080347,0.995175572519084,0.4984126984126984,0.024787039889887508,0.008278145695364239
1D CNN,0.5700000000000001,0.026782346284420975,0.9956946564885496,0.5017667844522968,0.0224770027729706,0.007437191212025649
1D CNN,0.5800000000000001,0.024141833270463976,0.9961526717557252,0.5039370078740157,0.020294505026189125,0.006675076211500053
1D CNN,0.59,0.022255752546208978,0.9965190839694656,0.5086206896551724,0.018774836515674576,0.006096920004204772
1D CNN,0.6,0.02055827989437948,0.996824427480916,0.5117370892018779,0.01738270737529546,0.005597603279722485
1D CNN,0.61,0.01886080724254998,0.9970992366412214,0.5128205128205128,0.015960043883771258,0.005124566382844528
1D CNN,0.62,0.016031686156167485,0.9974045801526717,0.5,0.013436266308839206,0.004467570692736256
1D CNN,0.63,0.014711429649188985,0.9976793893129771,0.5064935064935064,0.012390818962165984,0.004047093451066961
1D CNN,0.64,0.013391173142210487,0.9978931297709923,0.5071428571428571,0.011284302913202815,0.003679175864606328
1D CNN,0.65,0.01075066012825349,0.9981984732824427,0.49137931034482757,0.008949133410696142,0.003048460002102386
1D CNN,0.66,0.00980761976612599,0.9985648854961832,0.5252525252525253,0.008372505262309149,0.002601702932828761
1D CNN,0.67,0.00943040362127499,0.9987480916030534,0.5494505494505495,0.008178495224328453,0.0023914643119941135
1D CNN,0.68,0.0077329309694454925,0.9988702290076336,0.5256410256410257,0.006603159977079054,0.0020498265531378114
1D CNN,0.6900000000000001,0.007544322897019992,0.9990839694656488,0.5714285714285714,0.0066282923626688195,0.001839587932303164
1D CNN,0.7000000000000001,0.0067898906073179935,0.999236641221374,0.5901639344262295,0.006026531828692061,0.0016030694838641858
1D CNN,0.7100000000000001,0.005658242172764994,0.9994198473282443,0.6122448979591837,0.0050780895010091864,0.0012877115526122149
1D CNN,0.72,0.005281026027913994,0.9994809160305343,0.6222222222222222,0.004761942058448376,0.0011825922421948912
1D CNN,0.73,0.004715201810637495,0.9995725190839695,0.6410256410256411,0.00428772089460705,0.0010249132765689057
1D CNN,0.74,0.0035835533760844966,0.9996641221374046,0.6333333333333333,0.0032476755134891455,0.0007883948281299275
1D CNN,0.75,0.002263296869105998,0.9997251908396947,0.5714285714285714,0.001988487708800779,0.0005518763796909492
1D CNN,0.76,0.0015088645794039985,0.9998473282442748,0.6153846153846154,0.0013561928236787146,0.0003416377588563019
1D CNN,0.77,0.001131648434552999,0.9998473282442748,0.5454545454545454,0.0009789766788277365,0.00028907810364764007
1D CNN,0.78,0.0007544322897019992,0.9999083969465649,0.5714285714285714,0.0006628292362669264,0.0001839587932303164
1D CNN,0.79,0.0007544322897019992,0.9999389312977099,0.6666666666666666,0.0006933635874120103,0.0001576789656259855
1D CNN,0.8,0.0005658242172764995,0.9999389312977099,0.6,0.0005047555149864102,0.00013139913802165458
1D CNN,0.81,0.0005658242172764995,0.9999389312977099,0.6,0.0005047555149864102,0.00013139913802165458
1D CNN,0.8200000000000001,0.0003772161448509996,0.9999389312977099,0.5,0.0003161474425610322,0.00010511931041732366
1D CNN,0.8300000000000001,0.0003772161448509996,0.9999694656488549,0.6666666666666666,0.00034668179370589414,7.883948281299275e-05
1D CNN,0.8400000000000001,0.0003772161448509996,1.0,1.0,0.0003772161448509781,5.255965520866183e-05
1D CNN,0.85,0.0001886080724254998,1.0,1.0,0.00018860807242560007,2.6279827604330916e-05
1D CNN,0.86,0.0,1.0,,0.0,0.0
1D CNN,0.87,0.0,1.0,,0.0,0.0
1D CNN,0.88,0.0,1.0,,0.0,0.0
1D CNN,0.89,0.0,1.0,,0.0,0.0
1D CNN,0.9,0.0,1.0,,0.0,0.0
1D CNN,0.91,0.0,1.0,,0.0,0.0
1D CNN,0.92,0.0,1.0,,0.0,0.0
1D CNN,0.93,0.0,1.0,,0.0,0.0
1D CNN,0.9400000000000001,0.0,1.0,,0.0,0.0
1D CNN,0.9500000000000001,0.0,1.0,,0.0,0.0
1D CNN,0.9600000000000001,0.0,1.0,,0.0,0.0
1D CNN,0.97,0.0,1.0,,0.0,0.0
1D CNN,0.98,0.0,1.0,,0.0,0.0
1D CNN,0.99,0.0,1.0,,0.0,0.0
